{"cameraMode":{"drawMode":0,"name":"Shaded","section":"Shading Mode"},"sceneLighting":true,"audioPlay":false,"sceneViewState":{"m_AlwaysRefresh":false,"showFog":true,"showSkybox":true,"showFlares":true,"showImageEffects":true,"showParticleSystems":true,"showVisualEffectGraphs":true,"m_FxEnabled":true},"in2DMode":false,"pivot":{"x":916.0482177734375,"y":481.8555908203125,"z":-48.05767822265625},"rotation":{"x":-0.0020293998531997205,"y":0.9978373050689697,"z":-0.037745893001556399,"w":-0.053634870797395709},"size":33.62234878540039,"orthographic":false}